feature,mean_abs_shap
age_bmi_interaction,0.06911756330536253
age,0.06395884646270399
bmi,0.0343948643081233
avg_glucose_level,0.02608381711405622
age_glucose_ratio,0.02447019199238467
smoking_status_never smoked,0.008935945766762907
smoking_status_unknown,0.007085307173809366
smoking_status_smokes,0.002981043347901666
smoking_status_formerly smoked,0.0014958997831723332
smoking_known_0,0.0007412439614710945
smoking_known_1,5.300089931627607e-05
